CODISTR        	DESCRIZ                            	GIACONT	 PROGCAR	 PROGSCA	GIADIN	     COSTO	  PREZZO_1	ULTVEN  	ULTCAR  	CODICE	   SCMIN
BAU5023        	TAVOLO+SEDIA+PANCA                 	      2	       0	       0	     2	     24.85	     56.81	  /  /  	10/09/01	P244  	49000090
BAY19585       	CARROZZINA COMBI 80 CM.            	      3	       0	       1	     2	     61.31	    123.43	05/01/02	29/09/01	V690  	55214018
BIG0717        	TRATTORE C/PALA BIG JOHN           	      1	       0	       1	     0	     59.13	    118.27	30/03/02	07/11/01	S859  	70474034
BIO83401       	CAMERA BAMBINI C/ACCESS.           	      0	       0	       0	     0	      6.12	     14.72	18/12/01	05/06/01	V614  	46270029
BIO83402       	BAGNO X CASA BAMBOLA C/ACC.        	      0	       0	       0	     0	      4.96	     12.14	18/12/01	05/06/01	V615  	46270045
BIO83404       	CAMERA LETTO LEGNO C/ACC.X CASA BA.	      1	       0	       0	     1	      6.12	     14.72	  /  /  	05/06/01	V608  	46260007
BIO83405       	CUCINA C/ACC.X CASA BAMB.          	      0	       0	       0	     0	      6.12	     14.72	18/12/01	05/06/01	V612  	46260040
BIO83540       	FAMIGLIA COMP.X CASA BAMB.4 PERSON 	      0	       0	       0	     0	      3.37	      7.70	01/12/01	10/09/01	V605  	46190785
BLZ52210       	TROTTOLA 23 CM.ORSI+LEPRE          	      3	       0	       3	     0	      7.86	     17.56	08/03/02	10/09/01	P661  	68230004
BLZ52310       	TROTTOLA MET.WTP MUSICALE          	      1	       0	       1	     0	      5.43	     12.39	02/02/02	07/11/01	P197  	68220084
BLZ52720       	SCATOLE MUSICALI                   	      5	       0	       4	     1	      2.05	      5.68	22/03/02	29/09/01	D510  	68211026
CHI68478       	SCIVOLO CAROTA                     	      0	       2	       2	     0	     28.09	     59.90	26/07/02	28/03/02	S537  	71691144
CLE31403       	PUZZLE 1000 PZ.WEELTGER            	      0	       0	       0	     0	      6.31	     14.20	16/10/01	05/07/01	G053  	61380345
CLE31411       	PUZZLE 1000 PZ.FEMME A L'OMBRE     	      0	       0	       0	     0	      6.31	     14.20	22/12/01	05/07/01	G080  	61380353
CLE31413       	PUZZLE 1000PZ.MONNA LISA           	      1	       0	       0	     1	      6.31	     14.20	21/12/01	05/07/01	G097  	61380361
CLE31415       	PUZZLE 1000 PZ.VASO FIORI          	      1	       0	       0	     1	      6.31	     14.20	  /  /  	05/07/01	G106  	61380370
CLE31418       	PUZZLE 1000 PZ.VERMER LA MERLETTAIA	      1	       0	       0	     1	      6.18	     14.20	  /  /  	01/08/01	G337  	61380388
CLE31426       	PUZZLE 1000PZ MIRO ARLECCHINO      	      0	       0	       0	     0	      6.31	     14.20	20/12/01	05/07/01	G129  	61380493
CLE31427       	PUZZLE 1000PZ.DALI ONE SEC         	      0	       0	       0	     0	      6.31	     14.20	27/12/01	05/07/01	G132  	61380507
DOM55403       	BATTERIA                           	      1	       0	       0	     1	     25.83	     59.39	14/12/01	10/09/01	C819  	68740029
EIC4319        	FATTORIA 2 P.GROSSA                	      5	       0	       1	     4	     22.50	     50.61	27/02/02	07/11/01	P653  	43000161
GEU2932        	CAVALLLO DONDOLO HALLA C/SEGGIOLINO	      0	       0	       0	     0	     46.00	    102.77	22/12/01	29/09/01	P572  	58920037
GEU2952NA      	CAVALLO DONDOLO LEGNO BASCULANTE   	      2	       0	       1	     1	     60.85	    128.60	20/08/02	14/12/01	P320  	58960101
GLU30078       	BIDONCINO X LATTE 14 CM.ALL.       	      0	       0	       0	     0	      4.88	     11.10	12/11/01	05/06/01	V647  	47265037
GLU30104       	PENTOLA 12 CM.ALL.                 	      1	       2	       1	     2	      4.23	      9.50	12/02/02	01/06/02	V627  	47140013
GLU30114       	PENTOLA C/MANICO CM.12 ALLUM.      	      0	       2	       0	     2	      5.06	     11.00	11/12/01	01/06/02	V644  	47140129
GLU30124       	PADELLA ALL. CM.14                 	      1	       2	       0	     3	      3.59	      9.24	08/09/01	01/06/02	V646  	47145023
GOE0165026     	MAXIMUFFIN                         	      0	       0	       0	     0	     15.70	     32.02	17/12/01	14/12/01	B142  	50150402
GOE0165027     	MAXYMUFFIN 42 CM.                  	      0	       0	       0	     0	     15.70	     33.57	26/10/01	29/09/01	V681  	50150411
GOE15120       	BAMBOLA MEG BLU 33 CM.             	      0	       0	       0	     0	     23.55	     46.43	17/12/01	29/09/01	V678  	50130053
GOE15820       	BAMBOLA LOLLY GIALLA 33 CM.        	      0	       0	       0	     0	     23.55	     46.43	07/12/01	29/09/01	V680  	50139026
GOW00421.3     	NAVE C/SECCHI.E ACCESS.SABBIA 30 CM	      0	       4	       4	     0	      2.10	      5.90	22/06/02	28/02/02	S374  	71140016
GOW00460.2     	MULINELLO SABBIA C/SECCHIELLO      	      0	      11	       6	     5	      3.68	      8.50	28/06/02	21/06/02	S354  	71110214
GOW00615.6     	RASTRELLO 36 CM.                   	      0	      18	       5	    13	      0.70	      1.80	18/04/02	21/06/02	S399  	71261255
GOW00616.3     	2 PALETTE LUNGHE SABBIA            	      0	       8	       7	     1	      0.65	      1.70	26/06/02	28/02/02	S390  	71220630
GOW00621.7     	RASTRELLO SABBIA 63 CM.            	      0	       2	       2	     0	      2.20	      5.70	28/02/02	28/02/02	S396  	71261077
GOW00622.4     	PALETTA 68 CM. SABBIA              	      0	       4	       4	     0	      2.01	      4.90	17/06/02	28/02/02	S380  	71210138
GOW00652.1     	MULINELLO SABBIA GRANDE            	      0	      14	      10	     4	      3.67	      8.90	17/08/02	21/06/02	S378  	71160009
GOW00667.5     	2 RASTRELLI PICCOLI                	      0	      24	       7	    17	      0.47	      1.20	01/09/02	21/06/02	S393  	71261026
GOW00668.2     	2 PALETTE SABBIA                   	      0	      44	      35	     9	      0.47	      1.20	01/09/02	21/06/02	S382  	71220168
GOW09715.4     	SECCHIELLO C/8 ACCESSORI           	      0	      13	      11	     2	      4.86	     10.90	10/08/02	21/06/02	S355  	71110249
GOW09739.0     	3 FORMINE SABBIA                   	      0	       8	       7	     1	      0.86	      2.00	19/07/02	28/02/02	S351  	71040020
GOW61325.5     	SECCHIELLO PL.14 CM.               	      0	       5	       5	     0	      0.78	      1.60	01/06/02	28/02/02	S306  	71010058
GOW62725.2     	SECCHIELLO PL.CM.18                	      0	      23	       5	    18	      1.09	      2.70	01/09/02	21/06/02	S317  	71010066
GOW75125.5     	INNAFFIATOIO CM.17                 	      0	       6	       6	     0	      1.29	      3.20	16/05/02	28/02/02	S321  	71020193
GOW75525.2     	INNAFFIATOIO CM.21                 	      0	      12	       7	     5	      1.98	      4.20	08/07/02	21/06/02	S320  	71020151
GOW81708.0     	SET PIATTI SCATOLA                 	      0	       0	       0	     0	      0.00	      0.00	  /  /  	  /  /  	V687  	47410208
GOW84115.3     	SERVIZIO CAFFE 17 PZ.              	      4	       0	       4	     0	      6.51	     14.72	18/05/02	15/11/01	V656  	47415187
GOW84118.4     	SERVIZIO PIATTI 22 PZ.             	      3	       0	       0	     3	      6.47	     14.20	24/12/01	15/11/01	V661  	47415209
HAS17345       	PLAY-DOOH DOTT.TRAPANINO           	      3	       0	       1	     2	     11.80	     25.31	18/06/02	10/09/01	D835  	63230685
HER27492       	FATTORIA LEGNO                     	      2	       0	       2	     0	     18.25	     40.80	23/04/02	10/09/01	P657  	43000381
HES02561       	SET FORMINE CUCINA                 	      2	       0	       2	     0	      5.10	     11.36	22/04/02	29/09/01	B489  	47340497
HES11481       	PORTAPOSATE C/POS.ALLUMINIO        	      8	       0	       1	     7	      4.06	     10.07	22/04/02	01/08/01	V271  	47210038
HES28212       	SCOLAPASTA 12 CM.                  	      0	       0	       0	     0	      3.45	      8.73	14/11/01	05/06/01	V409  	47230047
HES29032       	PENTOLA COPERCHIO ALL.GR.          	      2	       0	       2	     0	      4.07	      9.76	22/04/02	01/08/01	V412  	47140153
HES29061       	PENTOLA ALLUMINIO                  	      1	       0	       1	     0	      5.13	     12.34	12/02/02	05/06/01	V621  	47120063
HES41292       	STAMPO X TORTE 12 CM.              	      3	       0	       0	     3	      0.45	      1.81	20/11/01	05/06/01	V649  	47340161
HOW3370        	LETTO LEGNO C/TOPO                 	      0	       0	       0	     0	     26.50	     61.46	23/12/01	01/08/01	B160  	46710533
HOW3470        	LETTO CASTELLO DEC.TOPO            	      2	       0	       0	     2	     34.56	     74.89	19/12/01	29/09/01	B182  	46700074
HOW4738        	MERCATINO LEGNO 94*120*85          	      1	       0	       0	     1	     62.74	    128.60	  /  /  	29/09/01	B486  	45020118
INJ06/0335     	TRICICLO METALLO C/MANICO ACCIAIO  	      0	       0	       0	     0	     29.30	     61.46	10/12/01	10/09/01	S867  	70152118
KAS100428      	SCACCHIERA ELETR.MIAMI             	      1	       0	       1	     0	     31.55	     90.38	21/05/02	01/08/01	E400  	64010506
KLE6218        	FERRO STIRO PHILIPS                	      6	       0	       1	     5	      6.74	     14.72	20/08/02	29/09/01	V650  	47300002
KLE6330        	SET PULIZIA 3 PZ.                  	      3	       0	       2	     1	      2.60	      6.66	18/05/02	05/06/01	V662  	47650020
LIT4304        	SABBIAIA TARTARUGA                 	      0	       1	       0	     1	     24.55	     49.99	06/12/01	21/06/02	S853  	71410218
LIT4697        	CASA ESTERNO 112*104*117           	      0	       0	       0	     0	     91.58	    180.24	20/12/01	10/09/01	P095  	80130082
LIT4908        	SCIVOLO GRANDE                     	      2	       0	       1	     1	     70.64	    136.86	25/05/02	01/08/01	S332  	71691098
LSS33000-2009  	PASSEGGINO BUGGY JOGGER 1 RUOT.ANT.	      0	       0	       0	     0	     17.97	     35.89	22/12/01	07/11/01	V698  	55320781
MAX715666      	BABY CHOU CHOU                     	      0	       0	       0	     0	     14.06	     27.89	05/10/01	05/06/01	V667  	50031403
MAX715680      	CHOU CHOU CON MOVIMENTO            	      0	       4	       1	     3	     30.51	     59.50	23/07/02	04/05/02	B248  	50550249
MAX715758      	PORTABAMBOLA CHOU                  	      0	       4	       1	     3	     14.13	     27.90	09/08/02	04/05/02	B504  	50090132
MAX772270      	TESTINA PETTIN.PRINCESS C/TRUCCHI  	      0	       2	       2	     0	     11.76	     24.00	18/02/02	20/01/02	V699  	55630143
MAX773109      	BAMBOLA CHEEKY JOLLYDOLLY          	      1	       0	       0	     1	     12.46	     25.56	21/12/01	05/07/01	V670  	50031420
MAX778975      	VESTITO SNOBOARD BABY BORN         	      0	       0	       0	     0	     17.37	     30.47	07/11/01	07/11/01	V106  	50590925
MAX783351      	TEENY WEENY SECCHIELLO 33 CM       	      3	       0	       2	     1	     10.11	     23.24	04/04/02	05/07/01	V348  	50030091
NIN1211061     	BG CAMERA ROSSA                    	      0	       0	       0	     0	     17.72	     35.64	11/08/01	05/06/01	E946  	64190318
PUS869-430     	PIPA X BOLLE SAPONE                	      0	      30	      27	     3	      1.66	      3.95	17/08/02	21/06/02	S574  	86920174
QUE5152        	MAGNETIX 200 PZ                    	      0	       2	       0	     2	     12.81	     26.50	16/12/01	08/02/02	G571  	60750076
ROL080         	CARRIOLA FERRO                     	      1	      11	       9	     3	      9.07	     19.90	10/08/02	26/07/02	S025  	71314006
SCI9130 359    	DIPINGI CAFFE' DI NOTTE            	      2	       0	       0	     2	     12.66	     30.47	28/11/01	10/09/01	D831  	63602205
SCI9130324     	MNZ QUADRO DA DIPINGERE            	      0	       0	       0	     0	     12.66	     28.41	05/07/01	05/07/01	G183  	63604216
SCI9170 351    	DIPINGI COCA COLA                  	      1	       0	       0	     1	      6.33	     13.89	14/12/01	10/09/01	D832  	63602248
SIM9439873     	ZAINO MUCCA MILKA PELO             	      4	       0	       2	     2	      4.19	     12.86	09/08/02	05/06/01	F446  	65358247
VED43000403    	FATTORIA LEGNO                     	      0	       1	       0	     1	     27.16	     55.90	  /  /  	21/06/02	P593  	43000403
VED43830091    	GRU PRIMA INFANZIA                 	      1	       0	       1	     0	     20.60	     41.26	01/09/02	04/12/01	P525  	43830091
VED45060012    	CARRELLINO SPESA STOFFA            	      6	       0	       1	     5	      6.26	     14.93	28/05/02	07/11/01	V104  	45060012
VED45060101    	CARRELLO SUPERM.METALLO            	      1	      12	       3	    10	      8.98	     20.60	18/03/02	21/06/02	V601  	45060101
VED45110249    	REGISTRAT.CASSA EL.C/LETT.COD.BARRE	      1	       0	       1	     0	     13.52	     28.35	06/07/02	04/12/01	V166  	45110249
VED45125190    	BILANCI X FRUTTA E VERDURA         	      0	       1	       1	     0	      9.60	     21.50	19/07/02	21/06/02	V525  	45125190
VED45310043    	CESTINO SUPERMERCATO               	     11	       0	       0	    11	      1.72	      5.68	17/12/01	04/12/01	V170  	45310043
VED45340040    	CESTINO CON PRODOTTI ALIM.         	      0	      10	       0	    10	      4.96	     11.50	  /  /  	21/06/02	V542  	45340040
VED45370232    	CNF.FRUTTA IN RETE                 	      0	       4	       0	     4	      3.96	      9.50	  /  /  	21/06/02	P066  	45370232
VED45440141    	SCATOLE E LATTE C/CODICI BARRE     	      2	       0	       0	     2	      6.39	     14.41	22/12/01	04/12/01	V176  	45440141
VED45710122    	TEATRO LEGNO BURATTINI             	      0	       3	       0	     3	     31.60	     67.50	  /  /  	21/06/02	P272  	45710122
VED45710165    	TEATRO BURATTINI                   	      0	       0	       0	     0	     18.80	     40.80	16/12/01	10/09/01	P220  	45710165
VED45821285    	CNF.6 BURATTINI                    	      0	       0	       1	    -1	      0.00	     16.50	17/08/02	  /  /  	P276  	45821285
VED45920020    	LAVAGNA LEGNO C/ROTOLO CARTA       	      2	       4	       3	     3	     34.17	     72.50	01/06/02	21/06/02	P238  	45920020
VED45920232    	LAVAGNA LEGNO ROSSA NATURALE       	      0	       0	       0	     0	      0.00	      0.00	  /  /  	  /  /  	G883  	45920232
VED45920275    	LAVAGNA LEGNO C/BASE               	      1	       2	       2	     1	     15.72	     32.90	10/08/02	01/06/02	P585  	45920275
VED45960145    	LAVAGNA MAG.LEGNO A MURO 75*53 5713	     -1	       0	       0	    -1	     15.92	     38.22	24/12/01	01/08/01	P658  	45960145
VED45990001    	ROTOLI CARTA X LAVAGNA             	      0	      10	       0	    10	      2.82	      6.90	  /  /  	01/06/02	P090  	45990001
VED46035151    	CASA BAMBOLA C/MOBILI 54*30*52 7416	      0	       0	       0	     0	     31.13	     71.79	29/11/01	10/09/01	V603  	46035151
VED46035283    	CASA BAMBOLE C/MOBILI 58*58*48 9267	      0	       0	       0	     0	     47.07	    100.71	23/11/01	15/11/01	V604  	46035283
VED46035321    	CASA BAMBOLA C/MOBILI 31*51*12     	      0	       0	       0	     0	     54.08	    113.10	14/12/01	15/11/01	B484  	46035321
VED46710339    	DONDOLO LEGNO X BAMB.ECON.54 CM.   	      0	       0	       0	     0	     14.23	     33.05	11/12/01	05/06/01	V616  	46710339
VED46720008    	LETTINA CAMPEGGIO QUADRETTI LISSI  	      0	       0	       0	     0	      0.00	      0.00	  /  /  	  /  /  	V666  	46720008
VED46720555    	LETTINO LEGNO PATCW.54 CM.         	      0	       2	       0	     2	     14.37	     31.00	18/12/01	20/01/02	V619  	46720555
VED46800061    	LETTO CAASTELLO ROSSO 50 CM.       	      0	       0	       0	     0	      0.00	      0.00	  /  /  	  /  /  	V672  	46800061
VED46810112    	ARMADIO                            	      0	       0	       0	     0	     16.54	     38.73	04/12/01	05/07/01	B161  	46810112
VED46810198    	ARMADIO LEGNO X BAMBOLE PINOLINO   	      1	       0	       1	     0	     30.87	     71.79	27/03/02	14/12/01	B207  	46810198
VED46840372    	NENUCO SET DA VIAGGIO              	      0	       2	       1	     1	      7.60	     17.90	26/06/02	01/06/02	V089  	46840372
VED46840852    	SEGGIOLONE LEGNO ECON.             	      3	       0	       2	     1	      8.73	     20.40	23/07/02	07/11/01	B231  	46840852
VED47020042    	LAVATRICE MIELE                    	      1	       0	       1	     0	     19.17	     40.28	10/07/02	14/12/01	V325  	47020042
VED47020051    	LAVATRICE KLEIN                    	      4	       0	       3	     1	     15.73	     33.05	30/07/02	14/12/01	V353  	47020051
VED47030102    	FERRO STIRO EL.                    	      4	       0	       0	     4	      8.50	     19.57	  /  /  	29/09/01	B184  	47030102
VED47035058    	FOLLETTO                           	      0	       1	       1	     0	     19.68	     39.90	09/08/02	21/06/02	V589  	47035058
VED47040221    	CUCINA ELETTR.FUNZIONANTE          	      0	       0	       0	     0	      0.00	      0.00	  /  /  	  /  /  	V673  	47040221
VED47040329    	CUCINA LEGNO                       	      2	       1	       2	     1	     59.58	    124.90	22/04/02	01/06/02	B186  	47040329
VED47045151    	CUCINA LEGNO PICCOLA               	      0	       1	       0	     1	     13.65	     28.50	  /  /  	01/06/02	V112  	47045151
VED47140021    	PENTOLE ACCIAIO X COTTURA VAPORE   	      0	       2	       0	     2	      7.12	     15.50	  /  /  	21/06/02	V564  	47140021
VED47140048    	PENTOLA C/COPERCHIO ACCIAIO        	      0	       2	       0	     2	      5.36	     11.50	  /  /  	01/06/02	V129  	47140048
VED47140170    	PADELLA 12 CM.ACCIAIO BASSA        	      0	       2	       0	     2	      2.91	      6.40	  /  /  	01/06/02	V131  	47140170
VED47145023    	PADELLA ALLUMINIO 14 CM.           	      0	       0	       0	     0	      0.00	      8.20	  /  /  	  /  /  	V146  	47145023
VED47310024    	SET PASTICCERIA BL.                	      0	       0	       0	     0	      0.00	      0.00	  /  /  	  /  /  	V674  	47310024
VED47340071    	FORMINE CUCINA                     	      3	       0	       0	     3	      3.37	      6.97	14/11/01	01/08/01	B192  	47340071
VED47390141    	SET PRESINE FORNO+GREMBIULE        	      3	       0	       1	     2	      4.37	     11.31	22/02/02	29/09/01	B502  	47390141
VED47410207    	SET CAFFE' C/VASSOIO+UOVA          	      0	       0	       0	     0	      0.00	      0.00	  /  /  	  /  /  	V675  	47410207
VED47441641    	ZUCCHERO FILATO EL.                	      1	       0	       1	     0	     25.23	     61.46	15/04/02	04/12/01	E532  	47441641
VED47450055    	SERVIZIO CAFFE' PROCELLANA         	      0	       2	       0	     2	      2.44	      0.00	  /  /  	01/06/02	V369  	47450055
VED47525144    	ASSE STIRO                         	      6	       0	       1	     5	      6.54	     14.93	08/01/02	29/09/01	B229  	47525144
VED49020066    	SDRAIO LEGNO                       	      0	      10	       8	     2	      8.27	     16.99	04/07/02	21/06/02	S936  	49020066
VED49070161    	TAVOLO LEGNO+2 SEDIE + PANCA       	      3	       0	       1	     2	     36.37	     82.12	17/07/02	29/09/01	P659  	49070161
VED49425562    	METRO LEGNO                        	      1	       0	       1	     0	      6.38	     12.65	15/02/02	07/11/01	P397  	49425562
VED50070581    	BAMBOLE LISSI CM.53                	      0	       0	       0	     0	     10.77	     22.67	19/12/01	04/12/01	V182  	50070581
VED50591191    	PASSEGGINO OMBRELLO BABY BORN      	      0	       3	       2	     1	     11.08	     25.90	01/09/02	01/06/02	V160  	50591191
VED50591492    	VESTITI BABY BORN                  	      0	       4	       1	     3	      7.65	     17.90	09/07/02	01/06/02	V211  	50591492
VED50911918    	POPPY POCKET PARRUCHHIERE MATTEL   	      0	       4	       4	     0	     10.00	     19.90	15/05/02	28/02/02	B318  	50911918
VED55010234    	CESTA VIMINI X BAMBOLA 45 CM.      	      5	       0	       1	     4	      6.30	     14.46	23/02/02	05/06/01	V683  	55010234
VED55131015    	CARROZZINA CULLA VIMINI QUADRETTI  	      0	       0	       0	     0	      0.00	      0.00	  /  /  	  /  /  	V693  	55131015
VED55180415    	PASSEGGINO MIDOLLINO               	      1	       0	       0	     1	     31.39	     72.25	27/11/01	04/12/01	V692  	55180415
VED55202028    	CARROZZINA COMBI RONDO BLU         	      0	       2	       2	     0	     27.43	     58.90	22/06/02	01/06/02	V366  	55202028
VED55203008    	CARROZZINA COMBI PICCOLA 63CM.LISSI	      0	       0	       0	     0	      0.00	      0.00	  /  /  	  /  /  	V695  	55203008
VED55204047    	CARROZZINA COMBI SCOZZ.BEIGE       	      0	       0	       0	     0	      0.00	      0.00	  /  /  	  /  /  	V697  	55204047
VED55212058    	CARROZZINA COMBI MAGIC             	      1	       1	       2	     0	     32.91	     72.00	31/05/02	08/02/02	B148  	55212058
VED55310122    	PASSEGGINO OMBRELLO                	      0	      12	       5	     7	      4.69	     11.90	01/09/02	21/06/02	V570  	55310122
VED55310131    	PASSEGGINO OMBRELLO GEMELLARE      	      0	       1	       0	     1	      9.39	     19.50	  /  /  	01/06/02	V232  	55310131
VED55330166    	PASSEGGINO 3 RUOTE                 	      0	       0	       0	     0	     24.38	     51.59	18/12/01	14/12/01	V540  	55330166
VED55330361    	PASSEGGINO 3 RUOTE ROSSO           	      0	       1	       0	     1	     22.03	     44.90	  /  /  	21/06/02	V587  	55330361
VED55520119    	NENUCO PFLEGEKOFFER                	      0	       6	       2	     4	      7.60	     16.50	04/07/02	01/06/02	V234  	55520119
VED55870128    	PORTABAMBOLA VETRINA TELESC.25 CM. 	     12	       0	       0	    12	      2.00	      4.65	  /  /  	29/09/01	D497  	55870128
VED57220074    	CENERENTOLA                        	      0	       2	       1	     1	      8.78	     17.50	18/03/02	28/02/02	B327  	57220074
VED57220210    	CENERENTOLA                        	      0	       4	       3	     1	     11.78	     23.95	22/06/02	21/06/02	B337  	57220210
VED57220392    	PRINCIPE CENERENTOLA               	      0	       1	       1	     0	     10.08	     19.50	27/04/02	28/02/02	B308  	57220392
VED57220562    	SIRENETTTA                         	      0	       2	       2	     0	     11.38	     12.50	20/03/02	28/02/02	B309  	57220562
VED58020966    	PEL.LEPRE 30 CM.                   	      1	       0	       1	     0	      4.69	     12.14	01/09/02	29/09/01	F451  	58020966
VED58020974    	PECORA IN PIEDI 30 CM.             	      1	       0	       1	     0	      6.92	     16.53	02/03/02	29/09/01	F464  	58020974
VED58221201    	ORSO BIANCO MORBIDO PI 20 CM.      	      2	       0	       2	     0	      6.48	     15.24	09/03/02	07/11/01	F323  	58221201
VED58230227    	ORSO GOLD 38 CM.                   	      0	       2	       2	     0	     14.35	     31.50	01/09/02	01/06/02	F018  	58230227
VED58230405    	ORSO BIANCO MORBIDO PI 30 CM.      	      0	       0	       0	     0	      8.18	     20.40	09/12/01	07/11/01	F326  	58230405
VED58231703    	COPPIA ORSI C/PAPERA               	      0	       1	       0	     1	     17.22	     35.90	  /  /  	21/06/02	F400  	58231703
VED58250091    	ORSO GOLD 50 CM.                   	      0	       4	       0	     4	     18.00	     39.50	  /  /  	21/06/02	F030  	58250091
VED58290238    	ORSO PELO CM.100                   	      0	       0	       0	     0	      0.00	      0.00	  /  /  	  /  /  	F417  	58290238
VED58420786    	GOLDEN RETRIEVER 24 CM.            	      1	       0	       0	     1	     13.25	     30.47	06/10/01	05/06/01	F469  	58420786
VED58440264    	GATTO MORBIDO 40 CM.               	      0	       2	       2	     0	     11.09	     25.90	27/08/02	21/06/02	F403  	58440264
VED58510874    	ANIMALI PELO C/VOCE                	      0	      18	      16	     2	      3.48	      6.90	21/08/02	01/06/02	F118  	58510874
VED58511404    	RICCIO 15 CM.                      	      7	       0	       1	     6	      2.72	      8.73	26/03/02	29/09/01	F471  	58511404
VED58550001    	CAVALLO PELO                       	      0	       0	       0	     0	      0.00	      0.00	  /  /  	  /  /  	F418  	58550001
VED58590045    	CAVALLO PELO CM.100                	      0	       0	       0	     0	      0.00	      0.00	  /  /  	  /  /  	F423  	58590045
VED58620220    	LEONCINO PELO                      	      0	       0	       0	     0	      0.00	      0.00	  /  /  	  /  /  	F425  	58620220
VED58630926    	CANGURO 30 CM.                     	      0	       2	       1	     1	      9.47	     24.50	27/06/02	01/06/02	F482  	58630926
VED58640786    	ELEFANTE 45 CM.                    	      0	       0	       0	     0	      0.00	      0.00	  /  /  	  /  /  	F430  	58640786
VED58660272    	COCCODRILLO 60 CM.                 	      0	       0	       0	     0	      0.00	      0.00	  /  /  	  /  /  	F433  	58660272
VED58680176    	SERPENTE PELO CM.170               	      0	       0	       0	     0	     13.67	     30.99	27/12/01	05/06/01	F500  	58680176
VED58910007    	TESTA CAVALLO CON BASTONE          	      1	       0	       0	     1	     11.66	     25.31	09/12/01	07/11/01	P400  	58910007
VED58920045    	CAVALLO DONDOLO LEGNO              	      0	       1	       0	     1	     24.77	     49.90	18/08/01	01/06/02	P042  	58920045
VED58920240    	CAV.DONDOLO FAGGIO                 	      3	       1	       1	     3	     32.36	     61.46	16/07/02	01/06/02	P464  	58920240
VED58920258    	CAVALLO DONDOLO LEGNO              	      0	       1	       0	     1	     31.54	     65.90	  /  /  	01/06/02	P005  	58920258
VED58960136    	CAVALLO PELO SU RUOTE              	      0	       0	       0	     0	      0.00	      0.00	  /  /  	  /  /  	F437  	58960136
VED59133446    	ORSO PELO 28 CM.KRUEMEL            	      0	       3	       2	     1	      7.86	     15.95	29/06/02	01/06/02	D273  	59133446
VED60320063    	PUZZLE LEGNO PI                    	      0	       0	       0	     0	      2.09	      6.20	24/12/01	07/11/01	G660  	60320063
VED60320322    	PUZZLE LEGNO                       	      2	       0	       0	     2	      5.64	     12.34	  /  /  	10/09/01	P251  	60320322
VED60320551    	PUZZLE LEGNO                       	      0	       0	       0	     0	      5.15	     11.36	03/11/01	10/09/01	P259  	60320551
VED60420050    	GIOCO DEL 15 PLASTICA PUSSY        	      1	       0	       0	     1	     25.11	      2.32	  /  /  	10/09/01	G277  	60420050
VED60510172    	DOMINO VALIGETTA NERA              	      1	       2	       3	     0	      5.20	     12.50	20/04/02	28/02/02	G738  	60510172
VED60520101    	DOMINO LEGNO                       	      0	       0	       0	     0	      0.00	      0.00	  /  /  	  /  /  	G900  	60520101
VED60530092    	DOMINO TRINGOLARE                  	      1	       0	       0	     1	      7.36	     18.02	08/12/01	10/09/01	G287  	60530092
VED60540870    	GIOCO MEMO QUADRI ARTE             	      1	       0	       0	     1	      8.27	     18.08	09/03/02	05/07/01	G657  	60540870
VED60570183    	DOMINO LEGNO                       	      3	       0	       2	     1	      2.44	      6.66	08/02/02	10/09/01	G296  	60570183
VED60680281    	GALLINA GIOCO SOCIETA'             	      0	       0	       0	     0	      0.00	      0.00	  /  /  	  /  /  	G901  	60680281
VED60680370    	GOLF MASTER                        	      1	       0	       0	     1	      7.15	     16.53	20/12/01	10/09/01	G310  	60680370
VED60681872    	JENGA LEGNO                        	      3	       0	       4	    -1	      3.41	      7.49	03/05/02	05/07/01	G177  	60681872
VED60841276    	ELECTRO QUIZ                       	      0	       0	       0	     0	      0.00	      0.00	  /  /  	  /  /  	G904  	60841276
VED61011013    	DAMA CINESE                        	      0	       0	       0	     0	      6.33	     15.44	11/12/01	04/12/01	G772  	61011013
VED61020047    	BACKGAMMON 33*24 CM                	      1	       0	       0	     1	     12.53	     28.41	19/12/01	29/09/01	G462  	61020047
VED61020101    	BACKGAMMON NERO 38*24 CM.          	      2	       0	       0	     2	     13.45	     33.57	  /  /  	29/09/01	G243  	61020101
VED61020136    	BACKGAMMON                         	      1	       0	       1	     0	     24.51	     51.13	16/03/02	10/09/01	G325  	61020136
VED61021086    	BACKGAMMON LEGNO                   	      1	       0	       0	     1	     22.79	     49.06	21/12/01	10/09/01	G186  	61021086
VED61211624    	SCACCHI 63 MM.                     	      0	       1	       0	     1	     10.66	     23.90	  /  /  	01/06/02	G648  	61211624
VED61212353    	SCAT.SCACCHI TEAK 76 MM            	      0	       0	       0	     0	     13.21	     28.41	28/07/01	05/06/01	G739  	61212353
VED61250042    	SCACCHIERA PIEGHEVOLE              	      0	       0	       0	     0	      0.00	      0.00	  /  /  	  /  /  	G905  	61250042
VED61250107    	SCACCHIERA LEGNO PIEGHEVOLE        	      0	       0	       0	     0	      0.00	      0.00	  /  /  	  /  /  	G908  	61250107
VED61375732    	PUZZLE K.ANDERS.                   	     19	       0	       2	    17	      3.59	      8.26	23/03/02	10/09/01	G339  	61375732
VED61440208    	LABIRINTO LEGNO 32*29*10           	      0	       4	       3	     1	      8.58	     17.00	10/06/02	01/06/02	G249  	61440208
VED61441000    	SOLITARIO LEGNO                    	      0	       2	       1	     1	      6.33	     14.90	22/02/02	08/02/02	G164  	61441000
VED61530037    	ROULETTE                           	      1	       0	       1	     0	     14.60	     33.57	15/02/02	10/09/01	G362  	61530037
VED61530096    	ROULETTE 25 CM. C/FICHES           	      0	       0	       0	     0	     13.27	     25.56	21/12/01	05/06/01	G741  	61530096
VED63230758    	PLAY DOH BOB L'AGGIUSTATUTTO       	      0	       0	       0	     0	      0.00	      0.00	  /  /  	  /  /  	G909  	63230758
VED63230847    	CONFEZIONE PONGO PLASTILINA        	      2	       0	       2	     0	      3.33	     10.28	30/01/02	10/09/01	G755  	63230847
VED63310174    	SET COLORI DITA                    	      0	       4	       3	     1	      5.55	     11.90	19/07/02	01/06/02	G664  	63310174
VED63340278    	BLOPENSET                          	      0	       2	       2	     0	      7.65	     16.50	19/07/02	21/06/02	G865  	63340278
VED63340286    	10 BLOPENS                         	      0	       4	       4	     0	      4.86	     10.50	09/07/02	21/06/02	G868  	63340286
VED63340294    	5 BLOPNES                          	      0	      12	       4	     8	      2.54	      5.50	09/08/02	21/06/02	G869  	63340294
VED63340308    	5 BLOPENS KRAEFTG                  	      0	      12	       4	     8	      2.54	      5.50	02/09/02	21/06/02	G872  	63340308
VED63350010    	FISHER MAGNA DOOODLE COLOR         	      0	       5	       3	     2	     24.21	     44.90	19/07/02	01/06/02	P517  	63350010
VED63350281    	SPIROGRAPH                         	      0	       2	       2	     0	     11.49	     24.50	07/06/02	01/06/02	G797  	63350281
VED63360104    	CNF.BLOPENS 5 PZ.SOFFIO            	      0	       0	       0	     0	      2.19	      6.20	13/11/01	05/06/01	G756  	63360104
VED63360171    	TROTTOLE DOODLE TOP                	      9	       0	       8	     1	      1.30	      3.10	16/05/02	10/09/01	D371  	63360171
VED63510297    	TELAIO LEGNO X LANA                	      4	       0	       4	     0	      6.88	     18.02	09/07/02	10/09/01	B224  	63510297
VED63530018    	TELAIO PER PERLINE ECO             	      0	       6	       5	     1	      5.29	     12.50	25/06/02	21/06/02	G763  	63530018
VED63590100    	CONFEZIONE 54 PERLINE              	      1	       0	       0	     1	     25.43	      1.29	  /  /  	05/07/01	D126  	63590100
VED63590177    	CNF.PERLE LEGNO                    	     10	       0	       2	     8	      3.08	      6.97	06/04/02	10/09/01	D380  	63590177
VED63600083    	DIPINGI C/I NUMERI                 	      0	       0	       0	     0	      0.00	      0.00	  /  /  	  /  /  	G910  	63600083
VED63630179    	RICAMBI X DECORO JEANS             	      0	       0	       0	     0	      0.00	      0.00	  /  /  	  /  /  	G912  	63630179
VED63630187    	DECORO JEANS C/ACCESSORI           	      0	       0	       0	     0	      0.00	      0.00	  /  /  	  /  /  	G913  	63630187
VED63630446    	TIP COSTRUZIONE L.                 	      3	       0	       1	     2	      6.17	     13.89	05/01/02	05/06/01	D833  	63630446
VED63630454    	COSTRUZIONE TIP XL                 	      0	       0	       0	     0	      9.37	     20.40	20/12/01	10/09/01	D382  	63630454
VED63630799    	SET DECORO JEANS                   	      1	       0	       0	     1	     11.57	     24.22	12/12/01	29/09/01	D384  	63630799
VED63650021    	QUADRO ARGENTATO CON PENNINO       	      7	      16	       7	    16	      2.74	      6.20	29/05/02	01/06/02	D396  	63650021
VED63740039    	CNF.PERLE LEGNO                    	      0	       0	       0	     0	      7.71	     18.02	09/11/01	29/09/01	D834  	63740039
VED63790133    	PERILINE HAMA WTP                  	      0	       0	       0	     0	      0.00	      0.00	  /  /  	  /  /  	G915  	63790133
VED64010191    	SCACCHIERA EL.CENTURION KASPAROV   	      0	       2	       1	     1	     65.10	    149.50	28/02/02	20/01/02	E007  	64010191
VED64190571    	CNF.GB ACCESSORI BAME BOY          	      3	       0	       1	     2	     13.69	     28.41	25/05/02	07/11/01	E262  	64190571
VED64190598    	ACCESS.GAME BOY LENTE              	      4	       0	       2	     2	      3.14	     12.39	09/01/02	07/11/01	E263  	64190598
VED64190733    	N64 MEMORY CARD 1 MEGA             	      0	       0	       0	     0	      4.03	     11.36	22/10/01	05/06/01	E863  	64190733
VED64191179    	BORSA PER GBA                      	      0	       0	       0	     0	      5.36	     12.39	18/12/01	07/11/01	E771  	64191179
VED64191357    	GBA PROTECTOR                      	      2	       0	       0	     2	      6.22	     12.91	21/12/01	15/11/01	E821  	64191357
VED64191519    	GBA STEREO RADIO                   	      0	       0	       0	     0	      6.22	     14.20	12/12/01	07/11/01	E820  	64191519
VED64191691    	PORTA CASSETTE GBA                 	      0	       4	       4	     0	      1.96	      4.50	17/08/02	20/01/02	E776  	64191691
VED64510274    	NINT.MINI S.MARIO                  	      0	       8	       7	     1	      6.09	     14.90	16/07/02	21/06/02	E778  	64510274
VED64510282    	NINT.MINI DONKEY K.JUNIOR          	      0	       4	       4	     0	      6.09	     14.90	01/09/02	21/06/02	E789  	64510282
VED64511041    	NINT.MINI TETRIS                   	      0	       2	       1	     1	      7.71	     15.50	03/05/02	20/01/02	E796  	64511041
VED64511211    	GIOCO EL.LCD AUTO                  	      0	       0	       0	     0	      4.43	     14.46	20/12/01	10/09/01	E477  	64511211
VED64511238    	NINT.MINI DONKEY KONG              	      0	       0	       0	     0	      7.30	     15.24	21/12/01	07/11/01	E797  	64511238
VED64511319    	LCD GIOCO EL.PACBOY                	      0	       0	       0	     0	      3.73	     15.24	14/08/01	05/06/01	E862  	64511319
VED64610015    	TAPPETO EL.SCUOLA DI BALLO         	      0	       0	       0	     0	      0.00	      0.00	  /  /  	  /  /  	E614  	64610015
VED65641011    	QUADERNO C/ELASTICO ORSO KRUEMEL   	      0	       6	       3	     3	      3.50	      6.95	25/07/02	01/06/02	D189  	65641011
VED65641020    	AGENDA C/ELASTICO ORSO KRUEMEL     	      0	       6	       3	     3	      2.72	      5.50	27/08/02	01/06/02	D216  	65641020
VED66360903    	LIBRO PLASTICA X BAGNO             	      2	       4	       5	     1	      2.64	      6.95	17/07/02	21/06/02	P358  	66360903
VED66380661    	CUBI STOFFA ANIMALI KLIP KLAP      	      0	       2	       2	     0	      7.64	     16.50	10/06/02	01/06/02	P060  	66380661
VED66380670    	CUBI STOFFA GIOCATTOLI             	      0	       0	       0	     0	      0.00	      0.00	  /  /  	  /  /  	P719  	66380670
VED66726541    	MALBU.M.LIBRI DA COLORARE          	      0	       0	       0	     0	      1.89	      4.13	07/12/01	07/11/01	N145  	66726541
VED66726720    	LIBRI DA COLORARE                  	     27	       0	       7	    20	      0.77	      2.32	08/02/02	04/12/01	N002  	66726720
VED68340306    	TASTIERA CASIO 65*22 37 TASTI      	      2	       0	       0	     2	     35.78	     67.09	18/12/01	14/12/01	C482  	68340306
VED68410070    	XILOFONO                           	      0	       0	       0	     0	      0.00	      0.00	  /  /  	  /  /  	C886  	68410070
VED68420105    	XILOFONO LEGNO C/8 LISTE           	      2	       6	       5	     3	      6.13	     13.90	25/05/02	08/02/02	C489  	68420105
VED68520002    	CHITARRA LEGNO 76 CM.              	      2	       0	       0	     2	     16.97	     33.52	18/12/01	14/12/01	C484  	68520002
VED68720010    	TAMBURO                            	      0	       2	       2	     0	      5.63	     12.50	25/05/02	20/01/02	C818  	68720010
VED69010008    	CD-PLAYER CHICCO                   	      0	       1	       0	     1	     37.49	     69.50	  /  /  	21/06/02	E376  	69010008
VED69020020    	REGISTRATORE CASS.NEW CHICCO C/MIKE	      0	       2	       0	     2	     19.18	     38.50	  /  /  	21/06/02	E378  	69020020
VED69050026    	REGISTRATORE CASSETTE ECO.         	      0	       8	       2	     6	      6.30	     14.95	01/09/02	01/06/02	E461  	69050026
VED69050069    	REGISTRATORE CASS.C/MICROFONO      	      0	       4	       3	     1	     10.78	     22.00	27/08/02	20/01/02	E929  	69050069
VED69099009    	PORTA CD                           	      0	       1	       0	     1	      0.10	     12.50	  /  /  	21/06/02	E383  	69099009
VED70136066    	MONOPATTINO RUOTE 12 CORVINO       	      1	       0	       0	     1	     32.41	     74.89	18/09/01	05/06/01	S850  	70136066
VED70152011    	TRICICLO C/MANICO+CONI             	      0	       4	       4	     0	     29.01	     62.50	29/06/02	01/06/02	S500  	70152011
VED70190028    	MOTO EL.PEG POMPIERI               	      0	       0	       0	     0	      0.00	      0.00	  /  /  	  /  /  	S959  	70190028
VED70190141    	BABY QUAD SMOBY 6V.                	      0	       4	       4	     0	     51.28	    105.00	11/06/02	28/03/02	P270  	70190141
VED70450020    	TRATTORE BIG                       	      1	       0	       0	     1	     57.03	    108.46	  /  /  	14/12/01	S723  	70450020
VED70474051    	TRATTORE C/PALA A PEDALI MB        	      0	       1	       0	     1	     60.15	    119.00	  /  /  	21/06/02	S888  	70474051
VED70474085    	TRATTORE BIG JAKE DUMPER           	      1	       0	       1	     0	     36.63	     76.95	12/06/02	14/12/01	S726  	70474085
VED71220231    	PALA PL.C/ASTA METALLO             	      0	      24	       2	    22	      1.33	      3.40	14/05/02	28/03/02	S729  	71220231
VED71233031    	ZAPPINA METALLO M.LEGNO 77 CM.     	      0	       5	       2	     3	      2.04	      5.00	30/05/02	01/06/02	S761  	71233031
VED71280071    	PALETTA+RASTRELLO PLASTICA         	      8	       0	       4	     4	      2.01	      4.91	02/08/02	05/07/01	S186  	71280071
VED71281001    	SET 3 PZ.RASTRELLO/PALET/SCOPA     	      0	       5	       5	     0	      3.83	      8.90	06/07/02	28/03/02	P450  	71281001
VED71299015    	TAGLIAERBA TIPO PROTOTIPO          	      0	       6	       2	     4	      4.86	      8.99	11/07/02	26/04/02	S762  	71299015
VED71410064    	SABBIAIA ROSSA COCCINELLA          	      0	       0	       0	     0	      0.00	     34.50	  /  /  	  /  /  	S896  	71410064
VED71611051    	ALTALENA DOPPIA C/CAVALLO          	      0	       1	       0	     1	     64.99	    129.00	  /  /  	28/03/02	S451  	71610051
VED71611213    	ALTALENA METALLOM 209*160 CM.120   	      0	       2	       1	     1	     39.86	     79.50	11/05/02	26/04/02	S863  	71611213
VED71691039    	SCIVOLO CHICCO GR.+MACCHINA FOTO   	      0	       1	       0	     1	     70.61	    129.00	  /  /  	26/04/02	S765  	71691039
VED71710076    	SEGGIOLINO ALTALENA                	      0	       3	       2	     1	      5.11	     11.90	08/06/02	26/04/02	S875  	71710076
VED71720161    	APLTALENA PI SEGGIOL.ANATOMICO     	      0	       1	       1	     0	     24.55	     49.50	01/07/02	28/03/02	S452  	71720161
VED71720217    	SEGGIOLINO ALTALENA X BABY         	      1	       6	       7	     0	     10.22	     25.90	17/07/02	21/06/02	S889  	71720217
VED71741052    	SET ALTAL.ANELLI TRAPEZIO LEGNO    	      2	       0	       1	     1	     10.25	     25.56	27/07/02	05/06/01	S706  	71741052
VED71751007    	SCALA CORDA LUSSO                  	      2	       0	       0	     2	      9.29	     20.61	11/07/01	01/08/01	S895  	71751007
VED72010183    	AEREO LANCIO C/ELASTICO GHUNTER    	      0	      10	       2	     8	      2.46	      5.90	19/07/02	28/03/02	S734  	72010183
VED72021002    	AEREO ELASTICO PHOENIX             	      0	       4	       3	     1	      9.20	     19.50	31/05/02	28/03/02	S454  	72021001
VED72021045    	AEREO EL.SNAKE 2 IN 1 45X44        	      0	       6	       4	     2	      8.39	     18.90	24/07/02	28/03/02	S462  	72021045
VED72021061    	AEREO PIRAT ELASTICO GHUNTER       	      0	      10	       7	     3	      3.65	      7.90	07/08/02	28/03/02	S731  	72021061
VED72051173    	AQUILONI NYLON                     	      6	       0	       0	     6	      3.66	     12.91	  /  /  	07/11/01	S546  	72051173
VED72051238    	AQUILONE NYLON DIAMANTE 100*87 SIM 	      0	      12	       9	     3	      3.42	      8.40	17/08/02	28/03/02	S471  	72051238
VED72051432    	AQUILONE C/MANICA VENTO 75*70      	      0	      12	      12	     0	      4.35	     10.50	13/07/02	21/06/02	S473  	72051432
VED72061004    	AQUIL.ACB.GHUNTER GIPSY II 265*63  	      0	       4	       3	     1	      4.11	      9.90	01/08/02	28/03/02	S475  	72061004
VED72062183    	AQUILONE ACROB.DELTA 160*80        	      0	       4	       4	     0	      5.17	     12.98	01/08/02	28/03/02	S510  	72062183
VED72063082    	AQUIL.FLEXI FOIL BATKITE 120*55    	      0	       6	       5	     1	      7.06	     15.90	18/07/02	21/06/02	S513  	72063082
VED72078276    	MANICA VENTO PESCE 3D              	      0	       2	       1	     1	      5.42	     13.50	16/06/02	28/03/02	S521  	72078276
VED72078357    	MANICA VENTO NEW                   	      0	       1	       1	     0	      5.33	     13.50	17/08/02	28/03/02	S740  	72078357
VED72092091    	MANOPOLE AQUILONI                  	      0	       3	       0	     3	      1.05	      0.00	  /  /  	01/06/02	S791  	72092091
VED72117000    	BERSAGLIO ELETTR.DARDI             	      0	       1	       0	     1	     36.68	     73.00	18/12/01	20/01/02	S466  	72117000
VED72117069    	BERSAGLIO DARDI EL.                	      0	       0	       0	     0	      0.00	      0.00	  /  /  	  /  /  	S960  	72117069
VED72118219    	BERSAGLIO PROFESSIONALE            	      1	       0	       0	     1	     15.70	     35.89	  /  /  	05/06/01	S920  	72118219
VED72161726    	FREESBEE 22 CM.                    	     24	       0	      14	    10	      0.84	      2.32	17/08/02	05/06/01	S922  	72161726
VED72220170    	CORDA SALTO 250 CM.                	      0	       0	       0	     0	      2.51	      5.16	19/11/01	10/09/01	S754  	72220170
VED72221001    	CORDA SALTO WAVE                   	      0	       8	       5	     3	      4.18	      9.50	13/07/02	21/06/02	S528  	72221001
VED72230035    	COPPIA PALLA AL CESTO              	      0	      10	      10	     0	      1.83	      4.50	17/08/02	21/06/02	S891  	72230035
VED72231023    	CERCHIO ROLLING WAVE               	      0	      12	       4	     8	      3.88	      8.50	16/06/02	21/06/02	S545  	72231023
VED72240201    	YOMEGA BRAINSTORM                  	      0	       3	       1	     2	      7.81	     15.50	28/03/02	20/01/02	D669  	72240201
VED72247124    	TROTTOLA CON LANCIATORE            	      0	       6	       2	     4	      3.47	      7.90	01/09/02	21/06/02	S897  	72247124
VED72247159    	SET COMPL.C/TROTTOLA+LANCIAT.      	      0	       2	       2	     0	      7.76	     16.50	05/07/02	21/06/02	S899  	72247159
VED72247167    	TROTTOLA C/ARENA                   	      0	       6	       6	     0	      4.80	      9.90	17/08/02	21/06/02	S902  	72247167
VED72247175    	SET 3 TROTTOLE                     	      0	       6	       0	     6	      3.47	      7.50	  /  /  	21/06/02	S906  	72247175
VED72250389    	CNF.24 SACCH.3 BIGLIE TERRACOTTA   	      1	       0	       1	     0	     19.46	      2.07	23/07/02	07/11/01	S551  	72250389
VED72250532    	CNF.36 BUSTE 16 BIGLIE TERRACOTTA  	      1	       0	       0	     1	     36.55	      2.58	  /  /  	15/11/01	D972  	72250532
VED72250681    	CNF.20 SACCH.BIGLIE TERRACOTTA     	      1	       0	       1	     0	     18.21	      2.32	03/07/02	07/11/01	S560  	72250681
VED72410106    	BARCA VELA GUNTHER LEGNO 23 CM.    	      0	       2	       0	     2	      8.39	     21.00	  /  /  	28/03/02	S548  	72410106
VED72440021    	RIMORCHIATORE CAPITAN TOOT         	      2	       0	       2	     0	      6.23	     13.43	31/05/02	10/09/01	S763  	72440021
VED72710100    	PISTA ACQUA AQUAPLAY SUPERSET      	      0	       1	       0	     1	     52.75	    104.00	  /  /  	28/03/02	S664  	72710100
VED72710185    	PISTA ACQUAPLAY SUPERSET 2         	      0	       8	       4	     4	     28.22	     59.00	30/05/02	21/06/02	S557  	72710185
VED72820380    	MOTOSCAFO R/C                      	      0	       2	       0	     2	     33.08	     69.50	  /  /  	28/03/02	S570  	72820380
VED72820398    	MOTOSCAFO RC SEA SPIRIT            	      0	       3	       1	     2	     13.45	     24.98	03/08/02	26/04/02	E248  	72820398
VED73012082    	TRAMPOLINO 120 CM.                 	      0	       1	       1	     0	     27.15	     68.50	22/06/02	28/03/02	S743  	73012082
VED73012091    	TRAMPOLINO 140 CM.                 	      0	       2	       2	     0	     35.69	     86.90	25/07/02	28/03/02	S278  	73012091
VED73018048    	TUNNEL POPUP L.190 CM.             	      0	      12	      13	    -1	      8.97	     19.50	01/09/02	01/06/02	S075  	73018048
VED73018072    	TUNNEL COLOR PASTELLO              	      0	       6	       6	     0	     10.18	     22.90	09/05/02	28/03/02	S487  	73018072
VED73031028    	MINI DIABLO                        	      0	       6	       1	     5	      2.04	      5.90	23/07/02	28/03/02	S744  	73031028
VED73031087    	CNF.3 PALLE GIOCOLIERE             	      0	       4	       1	     3	      1.73	      5.90	27/07/02	26/04/02	S656  	73031087
VED73031168    	CLAVA GIOCOLIERE                   	      0	       6	       0	     6	      3.67	      9.50	  /  /  	26/04/02	S767  	73031168
VED73032059    	NASTRO GINNICO WAVE                	      0	      12	      12	     0	      2.44	      5.90	16/07/02	21/06/02	S769  	73032059
VED73041082    	HULAOOP WAVE                       	      0	      12	      10	     2	      6.78	     14.50	06/07/02	28/03/02	S575  	73041082
VED73041121    	FRULLO WAVE                        	      0	       4	       5	    -1	      6.10	     13.50	04/06/02	28/03/02	S724  	73041121
VED73050014    	PALLONE X SALTARE 60 CM            	      0	       6	       6	     0	      3.38	      9.90	10/08/02	26/04/02	S770  	73050014
VED73050065    	PONY HOP HOP GOMMA + PALLA 45 CM   	      0	       4	       3	     1	      9.21	     21.50	27/08/02	28/03/02	S579  	73050065
VED73070023    	SALTARELLO AL.POGO HUE.            	      0	      10	      10	     0	     14.86	     30.90	16/06/02	01/06/02	S334  	73070023
VED73210003    	PALLONE BASKET                     	      0	       4	       2	     2	      2.95	      7.70	17/08/02	01/06/02	S799  	73210003
VED73210038    	PALLONE BASKET ARANCIO             	      0	       3	       1	     2	      2.72	      6.50	20/04/02	28/03/02	S590  	73210038
VED73225001    	RETE PALLAVOLO+PALLA+POMPA         	      0	       2	       2	     0	      9.71	     22.90	16/07/02	26/04/02	S593  	73225001
VED73250081    	BASKETST. FAIPLAST                 	      1	       1	       1	     1	     45.35	     79.90	12/07/02	01/06/02	S727  	73250081
VED73280117    	PORTA CALCIO MET.182*122*61        	      1	       2	       3	     0	     10.08	     25.90	02/07/02	21/06/02	S839  	73280117
VED73280168    	PORTA CALCIO 240*150*90            	      2	       6	       8	     0	     19.94	     46.50	03/07/02	21/06/02	S213  	73280168
VED73280176    	PORTA CALCIO GRANDE 300*200*120    	      3	       1	       2	     2	     30.18	     82.00	05/06/02	21/06/02	S233  	73280176
VED73290368    	CANESTRO BASKET                    	      0	       2	       2	     0	      8.75	     18.90	17/08/02	01/06/02	S811  	73290368
VED73310024    	GUANTONI BOXE 6 ONCE               	      0	       2	       1	     1	      5.05	     11.00	27/06/02	01/06/02	S869  	73310024
VED73310032    	GUANTONI BOXE 8 ONCE               	      0	       2	       0	     2	      5.05	     11.00	  /  /  	01/06/02	S873  	73310032
VED73320046    	SACCO BOXE OLYMPICS 4 KG.          	      0	       2	       1	     1	      6.78	     16.50	27/06/02	28/03/02	S607  	73320046
VED73417074    	SKATEBOARD NEW STYLE STRETTO       	      0	       4	       1	     3	      9.01	     19.50	17/05/02	28/03/02	S610  	73417074
VED73417082    	SKATEBOARD+CAPPELLO+ZAINO          	      0	       4	       2	     2	     19.43	     39.99	03/08/02	26/04/02	S773  	73417082
VED73417261    	SKATEBOARD PROFI                   	      1	       0	       1	     0	     13.68	     30.94	17/06/02	05/06/01	S845  	73417261
VED73418348    	AL ALUROLLER GEAR AS               	      4	       0	       4	     0	     25.16	     66.62	06/06/02	14/12/01	S713  	73418348
VED73418356    	AL ALUROLLER ROCKETBZ021           	      3	       0	       2	     1	     44.74	     92.45	29/06/02	04/12/01	S828  	73418356
VED73418402    	ALU ROLLER RUOTE GONF.             	      0	       0	       0	     0	     51.79	    102.77	12/06/01	05/06/01	S702  	73418402
VED73418771    	SET SCI X MONOPATTINI              	      2	       0	       0	     2	     12.56	     24.79	  /  /  	04/12/01	S692  	73418771
VED73418810    	TESTA ELEFANTE X SCOOTER           	      2	       0	       0	     2	      8.11	     17.56	  /  /  	05/06/01	S820  	73418810
VED73420024    	ALL.SCOOTERBOARD XXS               	      1	       0	       0	     1	     61.73	    128.60	30/06/01	05/06/01	S687  	73420024
VED73455073    	SET PROTEZIONE X SKATE             	      4	       4	       5	     3	      4.36	     11.36	27/07/02	28/03/02	S563  	73455073
VED73477549    	XT INLINE CHAMPION PATTINI         	      2	       0	       2	     0	     10.47	     30.47	26/03/02	15/11/01	S644  	73477549
VED73477557    	XT INLINE CHAMP.PATTINI            	      2	       0	       2	     0	     10.47	     30.47	29/03/02	15/11/01	S650  	73477557
VED73478405    	XL INLINE CHAT 28-31 ROLLER        	      2	       0	       0	     2	     25.62	     51.13	  /  /  	05/06/01	S736  	73478405
VED73478413    	XT INLINE CHAT 32-34 ROLLER        	      1	       0	       1	     0	     26.13	     51.13	06/06/02	10/09/01	S737  	73478413
VED73478421    	XL INLINE CHAT 35-38 ROLLER        	      0	       2	       0	     2	     19.52	     49.00	24/12/01	01/06/02	S738  	73478421
VED7350103     	PON PON 45 CM.R                    	      0	      10	      10	     0	      2.32	      7.90	01/07/02	28/03/02	S835  	73050103
VED73510961    	PALLA ATLANTIS                     	      0	       1	       0	     1	     22.72	      4.50	25/06/02	28/02/02	S173  	73510961
VED73511046    	PALLA MAPPAMONDO                   	      0	      10	       6	     4	      1.57	      3.90	11/05/02	28/02/02	S178  	73511046
VED73620155    	PALLA CALCIO GOMMA                 	      0	       6	       0	     6	      2.42	      4.90	  /  /  	28/02/02	S188  	73620155
VED73623014    	PALLA CALCIO 270 GR.               	      0	      20	      19	     1	      4.43	      8.90	03/07/02	01/06/02	S189  	73623014
VED73661200    	PALLA GINNASTICA MEDICA            	      0	       4	       2	     2	      6.21	     13.50	15/04/02	01/06/02	S080  	73661200
VED74024106    	CROCKET 4 MAZZE                    	      0	       2	       2	     0	     11.24	     24.39	27/08/02	21/06/02	S907  	74024106
VED74024131    	CROCKET 6 MAZZE                    	      0	       1	       1	     0	     14.02	     29.50	01/08/02	21/06/02	S912  	74024131
VED74038115    	SET SOFT BASEBALL                  	      0	       9	       9	     0	      4.83	     12.90	27/07/02	21/06/02	S871  	74038115
VED74070035    	GIOCO PALLA STRAPPO VELCRO         	      0	      24	      24	     0	      2.43	      5.50	09/07/02	28/02/02	S192  	74070035
VED74070191    	BOING BALL                         	      0	      18	      17	     1	      2.34	      5.90	01/09/02	21/06/02	S915  	74070191
VED74110011    	SET BADMINGTON JUNIOR              	      4	      10	      11	     3	      3.42	      7.90	27/08/02	21/06/02	S716  	74110011
VED74111025    	SET BADMINGTON CARAT               	      0	      10	       7	     3	      3.56	      8.20	25/07/02	21/06/02	S725  	74111025
VED74131115    	TUPO 6 VOLANI PIUME NATURALI       	      0	       6	       6	     0	      2.24	      5.90	03/07/02	26/04/02	S776  	74131115
VED74420010    	RACCHETTA PING PONG ECO            	      6	       6	       3	     9	      1.84	      4.90	20/07/02	26/04/02	S565  	74420010
VED74420044    	RACCH.PING PONG IMBOTTITA          	      0	       6	       0	     6	      2.20	      5.90	  /  /  	26/04/02	S793  	74420044
VED74430040    	CNF.PING PONG 2 RACCH+PALLINE      	      0	      12	       3	     9	      3.68	      8.50	17/04/02	28/02/02	S210  	74330040
VED77710477    	PISCINA C/TETTUCCIO 140 CM         	      0	       2	       1	     1	     14.54	     31.50	28/06/02	28/03/02	S675  	77710477
VED77711031    	PISCINA ACQUARIUM 193*180          	      0	       3	       3	     0	     19.94	     39.98	27/06/02	26/04/02	S778  	77711031
VED77713018    	CENTRO DIVERTIMENTO GONFIABILE     	      0	       0	       0	     0	     42.90	     82.12	24/08/01	05/06/01	S892  	77713018
VED77713034    	PISCINA PIRATI                     	      0	       0	       0	     0	     24.59	     45.96	03/07/01	05/06/01	S925  	77713034
VED77730265    	PISCINA CON TELAIO 165*240 CM      	      0	       1	       0	     1	     42.97	     79.90	  /  /  	26/04/02	S780  	77730265
VED77730273    	PISCINA CON TELAIO 165*125 CM      	      0	       1	       0	     1	     30.69	     63.90	  /  /  	26/04/02	S782  	77730273
VED77770062    	SCIVOLO ACQUA                      	      0	       4	       3	     1	      9.41	     19.90	22/06/02	21/06/02	S785  	77770062
VED77810684    	PALLAMARE GLOBO 60 CM.             	      0	      12	      10	     2	      1.57	      4.50	08/08/02	01/06/02	S825  	77810684
VED77820205    	SALVAGENTE ANELLO 99 CM            	      0	       3	       0	     3	      2.39	      5.90	20/07/02	26/04/02	S789  	77820205
VED77825029    	SALVAGENTE MUTANDINA PI            	      0	       3	       3	     0	      3.06	      7.50	22/06/02	26/04/02	S790  	77825029
VED77851020    	ANIMALI GONF.X V.BAGNO E PISCINA   	      0	      24	      20	     4	      0.91	      2.90	20/08/02	26/04/02	S795  	77851020
VED77857044    	CASTELLO GONFIABILE JUMPING        	      0	       1	       1	     0	     24.25	     52.00	29/05/02	01/06/02	S844  	77857044
VED78011050    	TENDA IGLOO AUTOMT.                	      1	       4	       3	     2	     23.20	     45.90	07/05/02	01/06/02	S577  	78011050
VED78012005    	CASETTA POPUP CON GIOCHI           	      0	       3	       3	     0	     15.77	     32.95	01/09/02	01/06/02	S798  	78012005
VED78012013    	CASETTA TELA POPUP C/100 PALLINE   	      0	       2	       2	     0	     21.72	     46.95	24/05/02	26/04/02	S801  	78012013
VED79030171    	BOB M.METAL.                       	      7	       0	       5	     2	      9.31	     20.61	23/02/02	07/11/01	S585  	79030171
VED79031003    	SLITTA C/VOLANTE                   	      3	       0	       1	     2	     35.84	     74.89	23/02/02	07/11/01	S622  	79031003
VED79031020    	LENKBOB HUSKY                      	      5	       0	       2	     3	     20.14	     43.90	22/02/02	14/12/01	S589  	79031020
VED79031038    	LENKOBOB HUSKY                     	      1	       0	       0	     1	     29.56	     64.56	15/12/01	07/11/01	S596  	79031038
VED79112071    	SLITTA LEGNO C/PROTEZIONE          	      0	       0	       0	     0	     28.52	     61.92	27/12/01	07/11/01	S623  	79112071
VED80115008    	TENDA INDIANI 5 PALI 210 CM.       	      1	       0	       0	     1	     23.07	     56.81	11/10/01	05/06/01	S932  	80115008
VED80120001    	CASA CHICCO ESTERNO                	      0	       3	       2	     1	    112.53	    199.00	30/05/02	21/06/02	S658  	80120001
VED80125241    	CASETTA TELA POP UP                	      0	       6	       5	     1	     15.77	     32.50	17/08/02	01/06/02	S597  	80125241
VED80350015    	MANETTE METALLO                    	     10	       0	       1	     9	      2.21	      5.68	15/04/02	10/09/01	S449  	80350015
VED80505442    	SPADA LEGNO 1                      	      1	       0	       0	     1	      2.20	      6.20	05/12/01	07/11/01	S602  	80505442
VED80505604    	SPADA LEGNO 2                      	      2	       4	       6	     0	      2.58	      6.95	29/07/02	20/01/02	S611  	80505604
VED80505698    	SPADA SIGNORE DEGLI ANELLI         	      0	       0	       0	     0	     12.15	     30.47	18/12/01	04/12/01	S696  	80505698
VED82835024    	BEFANA MARIONETTA 60 CM.           	      2	       0	       1	     1	      6.08	     17.56	04/01/02	05/06/01	Q088  	82835024
VED82835041    	HEXE M.KATZE U.SOUNDPOLI           	      4	       0	       1	     3	      3.82	      8.52	05/01/02	05/07/01	Q052  	82835041
VED84270415    	CNF.32 BARATTOLI SLIME             	      0	       0	       0	     0	     28.80	      2.32	30/11/01	05/07/01	D139  	74270415
VED84270482    	MINI MAGIC SLIME CNF.32            	      0	       0	       0	     0	     28.80	      2.32	09/02/02	05/07/01	D237  	84270482
VED86733218    	TATUAGGIO BRACCIALE                	      0	      12	       2	    10	      5.13	     14.99	26/06/02	21/06/02	D540  	86733218
VED86920115    	ACCHIAPPA LA BOLLA                 	      0	      24	      23	     1	      1.71	      4.80	04/07/02	01/06/02	S833  	86920115
VED86920361    	MACCHINA BOLLE SAPONE              	      0	       2	       2	     0	      5.38	     11.50	25/06/02	01/06/02	S698  	86920361
VED87255794    	TAZZA CER.KRUEMEL                  	      0	       6	       3	     3	      3.70	      7.50	31/05/02	01/06/02	D593  	87255794
WAD74753       	CARRIOLA C/ACCESS.MARE             	      0	      12	       7	     5	      8.39	     16.90	08/08/02	21/06/02	S860  	71150305
